customer_id,customer_name,email,region,signup_date
1,Brian Yang,johnsonjoshua@example.org,apac,2024-11-23
2,Jonathan Johnson,garzaanthony@example.org,EMEA,2024-05-20
3,Kevin Pacheco,jennifermiles@example.com,EMEA,2024-02-22
4,Christopher Bernard,blakeerik@example.com,Americas,2024-02-14
5,Lindsey Roman,curtis61@example.com,EMEA,2024-01-16
6,Sandra Montgomery,yherrera@example.org,EMEA,2024-09-15
7,Dylan Miller,barbara10@example.net,apac,2024-04-11
8,Holly Wood,michellejames@example.com,  americas ,2024-10-06
9,Lisa Jackson,elizabethmiles@example.net,Americas,2024-10-28
10,Colleen Nguyen,frankgray@example.net,APAC,2024-03-22
11,Austin Gentry,perezantonio@example.com,APAC,2024-05-22
12,Derek Wright,jason76@example.net,Americas,2024-02-22
13,Zachary Taylor,julie69@example.com,EMEA,2024-07-02
14,Christopher Becker,ddavis@example.org,apac,2024-05-15
15,Tricia Valencia,cruzcaitlin@example.com,  americas ,2024-08-23
16,Patricia Peterson,frazierdanny@example.net,apac,2024-02-10
17,Deborah Mason,ryan70@example.net,APAC,2024-11-12
18,Mark Lynch,williamrodriguez@example.net,Americas,2024-10-22
19,Linda Burns,nathanielmartin@example.net,APAC,2024-01-24
20,David Bradley,hickmannatasha@example.com,Americas,2024-02-10
21,Kim Martinez,millertodd@example.org,apac,2024-07-13
22,Lisa Brandt,karroyo@example.com,APAC,2024-07-05
23,Jessica Holmes,jenniferross@example.net,apac,2024-04-17
24,Crystal Robinson,wrightcaleb@example.org,apac,2024-11-27
25,Shannon Jones,zimmermanbrian@example.org,EMEA,2024-03-28
26,Timothy Duncan,joshuawashington@example.net,APAC,2024-03-24
27,Brent Jordan,esanchez@example.com,EMEA,2024-11-23
28,Victoria Garcia,ujenkins@example.org,Americas,2024-06-15
29,Connor West,zchandler@example.org,APAC,2024-04-27
30,Angela Morton,dwhite@example.org,EMEA,2024-07-24
31,Tammy Allison,williamsyvette@example.org,APAC,2024-10-17
32,Carmen Smith,richardolson@example.com,  americas ,2024-04-18
33,Michael Cross,ybaker@example.com,APAC,2024-11-25
34,Lauren Daniels,smoore@example.org,EMEA,2024-03-12
35,Kim Brown,brian97@example.net,EMEA,2024-10-02
36,Cynthia Wilson,yorkcasey@example.org,  americas ,2024-08-07
37,Kevin Mills,bethwilliams@example.org,EMEA,2024-07-04
38,Michael Evans,james53@example.com,Americas,2024-09-17
39,Kristine Garcia,sarah10@example.com,EMEA,2024-02-26
40,Sherry Wood,williamanderson@example.com,  americas ,2024-08-04
41,Victoria Valdez,samueldaniels@example.com,  americas ,2024-07-14
42,Shawn Baker,contrerasangela@example.net,EMEA,2024-09-27
43,Michelle Harris,newtoneric@example.com,Americas,2024-01-06
44,Sandra Williams,william40@example.org,apac,2024-10-01
45,Michael Hoffman,kellie42@example.net,  americas ,2024-06-23
46,Sandra Aguilar,jonesnicole@example.org,apac,2024-03-21
47,Rebecca Valencia,russellwilliams@example.com,EMEA,2024-05-14
48,Stacey Russell,jason31@example.com,apac,2024-09-16
49,Rita Keith,sarayoung@example.org,EMEA,2024-06-01
50,Sharon Cochran,whitesandra@example.com,APAC,2024-11-07
51,Courtney Velasquez,erik16@example.org,EMEA,2024-03-23
52,Matthew Ross,ybailey@example.org,  americas ,2024-01-01
53,Meghan Anthony,michelle45@example.net,APAC,2024-01-10
54,Victoria Johnson,sheila14@example.org,EMEA,2024-06-06
55,William Wilson,yreed@example.com,Americas,2024-10-17
56,Renee Mcdaniel,jonathanfletcher@example.org,EMEA,2024-09-05
57,Lisa Alvarado,michaeljones@example.net,  americas ,2024-03-05
58,Erika Terry,cortezkevin@example.com,EMEA,2024-10-08
59,Stephanie Gilbert,jamesortega@example.com,EMEA,2024-11-06
60,Richard Lawson,richard04@example.com,apac,2024-10-03
61,Steven Flynn,steven73@example.net,  americas ,2024-04-12
62,Frances Cardenas,donnacampbell@example.net,EMEA,2024-11-28
63,Angel Riggs,emilywalker@example.org,EMEA,2024-08-19
64,Michael Snyder,gibsonolivia@example.net,EMEA,2024-02-02
65,Colleen Brock,dylanwatts@example.org,EMEA,2024-10-10
66,Robert Contreras,pwilliams@example.org,apac,2024-01-04
67,Jessica Meadows,stephanie79@example.net,Americas,2024-01-31
68,Paul Larsen,vmerritt@example.com,EMEA,2024-06-18
69,Jeremiah Reeves,katie87@example.net,EMEA,2024-05-22
70,Chris Reyes,josephflores@example.net,EMEA,2024-10-03
71,John Brown,jasminebrown@example.com,  americas ,2024-10-22
72,Alicia Gilmore,xprice@example.net,Americas,2024-07-27
73,Sarah Ashley,wwoods@example.com,  americas ,2024-08-08
74,Stephanie Freeman,vmedina@example.net,Americas,2024-08-27
75,Rebecca Ramsey,ryan06@example.com,Americas,2024-11-30
76,James Elliott,ncalhoun@example.net,APAC,2024-02-01
77,David Murphy,millerroy@example.com,EMEA,2024-02-25
78,Trevor Fisher,wmurphy@example.com,  americas ,2024-10-01
79,Mrs. Marie Harrington DDS,ruizkaitlyn@example.org,EMEA,2024-04-03
80,Cynthia Wells,herringjames@example.org,EMEA,2024-02-08
81,Jacob Obrien,elliottjeffery@example.net,EMEA,2024-02-20
82,Alexander Collins,stricklandfrank@example.com,EMEA,2024-01-08
83,Michael Burton,tsanders@example.org,  americas ,2024-03-26
84,Barbara Riggs,terrykevin@example.net,Americas,2024-04-19
85,Matthew Smith,reedross@example.com,  americas ,2024-03-25
86,Madison Poole,gshort@example.com,  americas ,2024-05-15
87,Robert Medina,ryangross@example.net,apac,2024-05-26
88,Samuel Rivas,umarshall@example.net,  americas ,2024-10-11
89,Mary Rogers,ramirezshannon@example.com,EMEA,2024-03-20
90,Robert Peterson,lrosales@example.com,EMEA,2024-01-30
91,Jason Peters,angela83@example.org,Americas,2024-02-01
92,Alan Phillips,hannahbrewer@example.com,EMEA,2024-01-26
93,Kara Schmidt,tholt@example.net,EMEA,2024-09-28
94,Jesse Parker,jbarajas@example.com,Americas,2024-02-11
95,Tiffany Vaughn,davidlee@example.org,EMEA,2024-10-31
96,Paige Carlson,javierwashington@example.net,EMEA,2024-07-25
97,Adrian Ferguson,wallkenneth@example.com,Americas,2024-05-06
98,Beth Oneill,brandon08@example.com,apac,2024-11-13
99,John Peterson,agarcia@example.net,APAC,2024-10-25
100,Jennifer Jones,kingmichelle@example.org,apac,2024-05-13
101,David Grant,hernandezlisa@example.com,  americas ,2024-06-09
102,Joseph Hayes,yobrien@example.net,APAC,2024-03-08
103,Marc Lynch,levans@example.com,Americas,2024-08-22
104,Brad Allen,mezajared@example.org,EMEA,2024-01-05
105,Doris Hall,moorericky@example.net,EMEA,2024-02-21
106,Dennis Moody,jacqueline71@example.net,APAC,2024-09-16
107,Derek Thomas,ronaldstephens@example.net,APAC,2024-02-05
108,Tammy Gonzales,martinkyle@example.net,EMEA,2024-05-25
109,Kathryn Snyder,sbarker@example.com,apac,2024-06-03
110,Andrew Reynolds,,EMEA,2024-09-27
111,Sara Johnston,cassandra01@example.org,Americas,2024-06-02
112,Pamela Thompson,keyemily@example.com,Americas,2024-03-09
113,Robert Costa,lmoon@example.net,APAC,2024-10-10
114,Shannon Rivera,vbailey@example.com,APAC,2024-11-05
115,Brandon King,zroberts@example.net,APAC,2024-04-14
116,April Booth,cordovarichard@example.net,Americas,2024-09-15
117,Peter Garrett,mgutierrez@example.net,APAC,2024-02-17
118,Christina Dunn,,EMEA,2024-01-23
119,Lisa Allen,samuel71@example.org,EMEA,2024-11-22
120,Willie Durham,lancesmith@example.com,  americas ,2024-08-14
121,Bruce Collier,,Americas,2024-10-14
122,Jennifer Olson,scantu@example.net,APAC,2024-03-17
123,Thomas Romero,jsanchez@example.org,  americas ,2024-10-25
124,Richard Adams,michellehill@example.com,APAC,2024-03-06
125,Mary Grimes,campbellkenneth@example.net,EMEA,2024-01-21
126,Kimberly Gibson,wryan@example.com,APAC,2024-05-07
127,Reginald Williams,molly39@example.com,  americas ,2024-10-13
128,Matthew Hoover,zthornton@example.com,EMEA,2024-11-13
129,Evelyn Garcia,tylerjohnson@example.net,EMEA,2024-03-24
130,Ariana Lozano,,apac,2024-07-30
131,Angela Harrington,bowenrobert@example.net,  americas ,2024-06-19
132,Shannon James,matthew61@example.com,apac,2024-05-07
133,Cynthia Cohen,courtney78@example.org,Americas,2024-02-25
134,Michele Garcia,wendy16@example.org,  americas ,2024-08-28
135,Anthony Howard,heatherberger@example.org,EMEA,2024-06-28
136,David Jenkins,,EMEA,2024-04-24
137,Cynthia Durham,georgemiller@example.com,Americas,2024-07-23
138,Adam Ballard,jesselittle@example.com,EMEA,2024-05-22
139,Victoria Evans,erica21@example.com,EMEA,2024-07-23
140,James Webb,dvaughn@example.com,Americas,2024-06-18
141,Elizabeth Spence DDS,patrickhoward@example.com,APAC,2024-05-13
142,Tanner Mitchell DDS,alan09@example.net,  americas ,2024-01-20
143,Michelle Hopkins,jeffery39@example.com,APAC,2024-06-25
144,Richard Johnson,courtneyberger@example.net,EMEA,2024-08-11
145,Casey Anderson,jessica14@example.com,EMEA,2024-02-29
146,Terry Coffey,alyssa42@example.com,apac,2024-04-07
147,Seth Brock,,EMEA,2024-08-11
148,Misty Whitney,jmccarty@example.org,Americas,2024-04-10
149,Jordan Chambers,christopher60@example.com,apac,2024-06-18
150,Alexander Henson,brenda51@example.net,APAC,2024-03-04
151,Susan Turner,rose31@example.net,  americas ,2024-09-16
152,Johnathan Davis,cwilson@example.org,APAC,2024-06-16
153,Kimberly Matthews,paulwatson@example.net,  americas ,2024-10-10
154,Teresa Ramirez,nicolepena@example.com,EMEA,2024-07-13
155,Michael Stephens,jeff73@example.com,  americas ,2024-11-11
156,Samantha Davis,bruce43@example.org,APAC,2024-10-07
157,Gavin Zhang,darleneharper@example.org,EMEA,2024-05-26
158,Robin Hall,caseyhubbard@example.org,  americas ,2024-11-06
159,Brianna Anderson,kristinacarlson@example.com,EMEA,2024-08-14
160,Richard Young,lauren10@example.org,apac,2024-09-18
161,Kelly Reese,alfred40@example.org,APAC,2024-03-27
162,Jodi Walker,xwest@example.net,EMEA,2024-09-20
163,Judith Maynard,acostaregina@example.net,EMEA,2024-06-20
164,Katherine Browning,lutzmelanie@example.com,EMEA,2024-06-07
165,Bobby Franklin,,EMEA,2024-03-16
166,Erika Vang,martinezclaudia@example.net,Americas,2024-08-31
167,Ashley Pena,shawn96@example.org,apac,2024-08-21
168,Jesse Perry,russellbeasley@example.com,apac,2024-10-21
169,Christian Leblanc,edwardslarry@example.com,EMEA,2024-07-15
170,Parker Cain,davischristopher@example.com,Americas,2024-03-16
171,Jennifer Russo,willisanna@example.com,EMEA,2024-02-24
172,Lindsay Bell,uparrish@example.org,apac,2024-03-31
173,Justin Wilson,ericolson@example.org,EMEA,2024-09-22
174,Maria Johnson,audrey68@example.net,Americas,2024-05-07
175,Christopher Thomas,anthony44@example.com,  americas ,2024-08-21
176,Anna Moreno,vjones@example.net,EMEA,2024-09-28
177,Nathan Frank,vbarnes@example.org,  americas ,2024-06-11
178,Brad Ramos,wareeric@example.net,EMEA,2024-11-09
179,Paul Wilson,ctucker@example.com,EMEA,2024-08-06
180,Kelsey Parker,rrodriguez@example.net,apac,2024-08-16
181,Tony Saunders,randallgreene@example.org,EMEA,2024-08-31
182,Casey James,keith10@example.com,EMEA,2024-11-22
183,Scott Williams,vincentwhitaker@example.com,APAC,2024-09-05
184,Laura Mckinney,stevenschristian@example.com,APAC,2024-08-13
185,Carolyn Meza,zroberts@example.org,APAC,2024-04-30
186,Brian Graham,xcollier@example.org,EMEA,2024-10-03
187,Connie Maxwell,zwarren@example.com,EMEA,2024-04-28
188,Ricardo Bell,dixondaniel@example.net,  americas ,2024-04-19
189,Christian Malone,joelthomas@example.org,  americas ,2024-06-18
190,Justin Riley,thompsonkendra@example.com,  americas ,2024-02-01
191,Jeremy Turner,michelle52@example.com,EMEA,2024-07-18
192,Jesse Brown,brittany58@example.org,EMEA,2024-01-11
193,Julie Spencer,chase19@example.net,APAC,2024-07-13
194,Larry Mason,colelisa@example.net,  americas ,2024-06-01
195,Mrs. Maria Williams,hayeslisa@example.com,EMEA,2024-10-02
196,Helen Hardin,hritter@example.net,  americas ,2024-11-04
197,Rachel Holland,vortiz@example.net,  americas ,2024-04-22
198,Nathaniel Douglas,riveraangela@example.com,apac,2024-01-15
199,Emily Douglas,mathewaguilar@example.org,  americas ,2024-07-26
200,James Conner,tanderson@example.org,EMEA,2024-03-06
201,Susan Davis DDS,elizabethcalderon@example.net,EMEA,2024-01-14
202,Ralph Lee,andrew42@example.org,Americas,2024-10-15
203,Kimberly Rodgers,ericphillips@example.org,  americas ,2024-11-25
204,James Martin,stanleynancy@example.net,  americas ,2024-04-03
205,Cynthia Wallace,jenniferwilliams@example.com,APAC,2024-06-16
206,Vincent Mueller,karen73@example.net,  americas ,2024-06-21
207,Douglas Reyes,michealvalentine@example.com,  americas ,2024-05-22
208,David Davidson,mburch@example.net,  americas ,2024-05-09
209,Phillip Nelson,angela18@example.org,Americas,2024-01-10
210,Stacey Arias,mariahdavis@example.org,Americas,2024-06-28
211,Zachary Brooks,gbrown@example.com,Americas,2024-11-29
212,Raven Taylor,florescory@example.net,Americas,2024-05-06
213,Luis Bullock,samantha72@example.net,EMEA,2024-11-14
214,Lisa Henderson,scottmary@example.net,EMEA,2024-08-30
215,Riley Bryant,john10@example.org,APAC,2024-04-21
216,Jose Allen,copelandvincent@example.net,EMEA,2024-07-07
217,Jason Beck,kellysmith@example.com,EMEA,2024-02-28
218,Rachel Romero,millsmichael@example.net,Americas,2024-06-08
219,James Burgess,myerstheodore@example.net,  americas ,2024-06-08
220,Ashley Perkins,kristina53@example.net,EMEA,2024-07-22
221,Carrie Maxwell,dennis58@example.com,apac,2024-02-08
222,Chad Baldwin,epollard@example.net,APAC,2024-05-04
223,Stacey Stewart,mjohnson@example.org,EMEA,2024-11-03
224,Matthew Mitchell,zachary87@example.com,  americas ,2024-01-22
225,Jessica Ross,glennmartin@example.org,apac,2024-07-08
226,Tyler Morgan,,  americas ,2024-06-23
227,Bradley Coleman,tylerjimenez@example.net,APAC,2024-09-07
228,Brian Murphy,lmorrison@example.net,  americas ,2024-11-21
229,Heather Williams,kirk96@example.org,apac,2024-03-19
230,Theresa Jones,christina64@example.net,APAC,2024-09-24
231,Tiffany Thomas,zcox@example.net,EMEA,2024-11-11
232,Holly Reyes,ejohnson@example.org,apac,2024-09-04
233,Phillip Berry,jacobserika@example.com,EMEA,2024-10-30
234,Cody Holmes,raymond43@example.org,  americas ,2024-02-14
235,Logan Benson,greenjorge@example.com,EMEA,2024-05-04
236,Steven Wallace,igonzalez@example.org,APAC,2024-11-08
237,Michelle Pierce,cochrantammy@example.com,APAC,2024-01-15
238,Barbara Harris,patricia22@example.com,APAC,2024-04-03
239,Jackie Lara,joelsnyder@example.com,EMEA,2024-05-12
240,Mitchell Mendoza,cherylmiller@example.com,EMEA,2024-05-21
241,Evan Jones,khammond@example.org,apac,2024-04-07
242,Penny Bowman,wfrazier@example.org,EMEA,2024-07-27
243,Amy Martinez,katrinaanderson@example.net,  americas ,2024-08-31
244,Travis Stone,kevinmartin@example.net,Americas,2024-08-17
245,Denise Weber,meghan43@example.net,apac,2024-05-30
246,Matthew Le,shawgary@example.net,EMEA,2024-05-04
247,Travis Wise,megan90@example.org,EMEA,2024-07-07
248,Kathleen Burton,debra96@example.net,apac,2024-06-25
249,Melinda Evans,dawn47@example.org,apac,2024-10-08
250,Mr. Lawrence Edwards,barkereric@example.com,APAC,2024-08-20
251,Kayla Rodriguez,jessica56@example.org,EMEA,2024-04-28
252,Anthony Dougherty,stevenadams@example.org,EMEA,2024-06-10
253,Michelle Lee,kwright@example.com,apac,2024-04-04
254,Kathleen Davis,tyronerobertson@example.com,EMEA,2024-09-04
255,Amber Campbell,pwagner@example.org,Americas,2024-09-25
256,Stephen Luna,amitchell@example.org,APAC,2024-04-09
257,Chloe Tran,zdiaz@example.org,apac,2024-04-01
258,William Becker,hughesshannon@example.net,Americas,2024-09-30
259,Gina Mcmillan,andersoncolin@example.com,apac,2024-01-28
260,Andrew Reeves,jameshicks@example.net,  americas ,2024-03-05
261,Brenda Velazquez,jstone@example.net,EMEA,2024-02-22
262,Ronald Patel,francisco94@example.net,  americas ,2024-05-25
263,Veronica Silva,thomas05@example.com,Americas,2024-06-23
264,Paula Lane,carlsonjoseph@example.net,  americas ,2024-05-09
265,Patricia James,silvageorge@example.net,  americas ,2024-02-28
266,Jeremy Barnes,anthonyvaughan@example.org,apac,2024-09-08
267,Tami Salas,avaughn@example.net,EMEA,2024-01-28
268,Matthew Fox,thorntonapril@example.net,EMEA,2024-06-04
269,Megan Dillon,sue78@example.com,  americas ,2024-03-01
270,Courtney Dudley,chelsea33@example.com,EMEA,2024-11-06
271,Justin Michael,kellie37@example.com,  americas ,2024-04-25
272,Jennifer Reed,keith98@example.com,APAC,2024-08-18
273,Thomas Douglas,kellyroberts@example.net,APAC,2024-10-28
274,Melissa Taylor,ilewis@example.com,EMEA,2024-10-18
275,David Garcia,johnsantiago@example.net,EMEA,2024-02-20
276,Vanessa Moore,jennifer12@example.org,apac,2024-11-16
277,Matthew Velez,mwoods@example.com,EMEA,2024-02-11
278,Taylor Gentry,pearsonjesse@example.net,Americas,2024-10-09
279,Jennifer Simpson DVM,robertmonroe@example.org,EMEA,2024-07-28
280,Tanya Rogers,nancy04@example.net,EMEA,2024-08-28
281,Todd Rosales MD,ihays@example.net,apac,2024-05-27
282,David Lopez,lisarivera@example.net,EMEA,2024-08-20
283,Margaret Sullivan,krystal93@example.org,apac,2024-05-15
284,Cathy Taylor,frobertson@example.com,EMEA,2024-10-28
285,Paul Finley,shari04@example.com,EMEA,2024-08-05
286,Melissa Brown,brandi90@example.com,APAC,2024-11-27
287,Stephanie Padilla,marshallerik@example.net,EMEA,2024-03-13
288,Tyler Mendoza,hannah45@example.net,EMEA,2024-06-06
289,Joshua Ruiz,madkins@example.com,  americas ,2024-05-27
290,Angela Griffin,kathleenbecker@example.net,APAC,2024-06-04
291,Stephanie Harris,christian91@example.org,  americas ,2024-09-13
292,Daniel Aguilar,franklinbond@example.com,  americas ,2024-02-11
293,Jose Bryant,nolansean@example.org,Americas,2024-06-14
294,Jennifer Velasquez,hansenemily@example.com,apac,2024-02-16
295,Kimberly Brown,bethwilliams@example.com,Americas,2024-10-21
296,Randy Cannon,andersenthomas@example.com,EMEA,2024-05-17
297,Susan Bennett,ybrooks@example.com,  americas ,2024-08-28
298,Jenna Anderson DVM,desireebailey@example.org,EMEA,2024-05-22
299,Kimberly Patel,avilatiffany@example.com,  americas ,2024-08-11
300,Shaun Cannon,johnreed@example.com,  americas ,2024-02-16
301,Austin Wheeler,pachecorobert@example.org,Americas,2024-06-19
302,Andrew Gonzales,tharper@example.org,apac,2024-03-23
303,Donna Cabrera,karenparsons@example.org,  americas ,2024-09-10
304,Victoria Boyd,barbara53@example.com,Americas,2024-10-08
305,Sheryl Buck,dturner@example.net,Americas,2024-06-10
306,Megan Floyd,dpeters@example.com,Americas,2024-07-25
307,Paul Wells,heather62@example.com,Americas,2024-10-04
308,Kristina Faulkner,kevinzimmerman@example.com,EMEA,2024-04-06
309,Tammy Boone,paulscott@example.com,Americas,2024-09-12
310,Michael Morrison,nicholsmaria@example.org,EMEA,2024-04-14
311,Claire Clark,lopezkathleen@example.net,apac,2024-05-27
312,Autumn Key,kevin03@example.org,apac,2024-09-05
313,Jennifer Allen,srocha@example.net,apac,2024-11-07
314,Elizabeth Ward,kimberly67@example.net,Americas,2024-03-22
315,Ryan Rocha,zowens@example.net,EMEA,2024-10-09
316,Alexis Tran,lawrence09@example.org,Americas,2024-02-28
317,Kelly Sanchez,mphillips@example.com,  americas ,2024-11-27
318,Robert Jackson,jonathan77@example.com,APAC,2024-05-29
319,Kelly Combs,iwhite@example.net,  americas ,2024-07-31
320,Ryan Hall,landryelizabeth@example.org,EMEA,2024-05-04
321,Mark Peck,albertwagner@example.com,EMEA,2024-07-15
322,Jennifer Smith,bhopkins@example.org,EMEA,2024-09-17
323,Megan Drake,amanda40@example.net,  americas ,2024-02-05
324,Manuel King,danieldavis@example.org,EMEA,2024-06-23
325,Judy Sanchez,joseph61@example.com,APAC,2024-05-16
326,Shannon Malone,kevinclayton@example.org,EMEA,2024-06-01
327,Adam Jackson,sullivannicholas@example.com,  americas ,2024-09-07
328,Shannon Davis,pbruce@example.com,APAC,2024-10-02
329,Karen Williams,hallrachel@example.net,  americas ,2024-10-09
330,Amanda Mcfarland,cohenjuan@example.net,EMEA,2024-08-21
331,Michelle Sanders,alexis39@example.org,EMEA,2024-05-02
332,Jasmine Mosley,evansanne@example.net,apac,2024-07-29
333,Haley Davis,patrick21@example.net,  americas ,2024-08-30
334,Jennifer Ayala,marypeterson@example.net,apac,2024-07-16
335,Henry Pugh MD,walterskristen@example.com,Americas,2024-03-18
336,Michelle Miller,nmiller@example.com,EMEA,2024-03-05
337,Emily Rodriguez,normanbowers@example.org,  americas ,2024-06-18
338,Brandon Jordan,hahnsean@example.com,  americas ,2024-02-21
339,Linda Mueller,fgarcia@example.com,  americas ,2024-01-08
340,Misty Hansen,asmith@example.com,Americas,2024-12-01
341,Derrick Adams,ashleyjackson@example.com,APAC,2024-08-28
342,Richard Ward,bryanhamilton@example.com,  americas ,2024-06-22
343,Brian Torres,jennifersimpson@example.net,APAC,2024-11-28
344,Erin Cook,ncook@example.com,APAC,2024-09-30
345,Ernest Oconnell,kevinmorrison@example.net,  americas ,2024-11-16
346,Douglas Hartman,kelly79@example.org,Americas,2024-10-04
347,Catherine Saunders MD,daniel93@example.net,APAC,2024-04-30
348,Sandra Jones,nhahn@example.com,  americas ,2024-04-26
349,David Moore,ichambers@example.net,apac,2024-02-20
350,Karen Morales DDS,emccormick@example.com,apac,2024-02-21
351,Robin Wheeler,ystephens@example.com,Americas,2024-06-02
352,Matthew Williams,rodriguezjohn@example.net,APAC,2024-06-15
353,Brett Walker,vrasmussen@example.com,EMEA,2024-07-02
354,Kathryn Cooper,seanmyers@example.net,EMEA,2024-05-05
355,Todd Thomas,webbkenneth@example.org,Americas,2024-04-02
356,Brent Bowen,matthew38@example.com,EMEA,2024-11-08
357,Ashley Sweeney,tflores@example.org,EMEA,2024-05-03
358,Christopher Moore,byrdfrank@example.net,apac,2024-03-14
359,Charlotte Sandoval,omullen@example.com,apac,2024-05-10
360,Jeffrey Smith,njohnson@example.org,  americas ,2024-01-05
361,Rebecca Herrera,jamiegoodwin@example.org,EMEA,2024-05-27
362,Katherine Church,mark71@example.com,APAC,2024-02-07
363,Harold Ellis,candice96@example.net,  americas ,2024-10-27
364,Leslie Powers,lisamccarthy@example.com,APAC,2024-05-08
365,Charles Price,david41@example.org,  americas ,2024-04-11
366,Melissa Brewer,baileyhenderson@example.com,EMEA,2024-02-24
367,Ryan Harvey,angelaburns@example.org,apac,2024-07-02
368,Tiffany Washington,,apac,2024-05-31
369,Jennifer Vasquez,lisamaynard@example.net,EMEA,2024-07-21
370,Philip Carter,fburns@example.net,apac,2024-01-26
371,Patricia Simpson,jeffrey42@example.com,APAC,2024-09-11
372,Holly Carson,armstrongjoseph@example.net,APAC,2024-04-27
373,Ashley Greer PhD,wolfscott@example.org,EMEA,2024-04-22
374,Robert Gonzales,nancy07@example.com,apac,2024-05-08
375,Heather Page,rowejoel@example.net,apac,2024-03-11
376,Renee Hudson,imartin@example.org,  americas ,2024-11-26
377,Kenneth Farley,candice25@example.net,apac,2024-01-18
378,Wendy Camacho,taylorkaren@example.com,APAC,2024-03-08
379,Sandra Juarez,jacquelineanderson@example.org,EMEA,2024-06-16
380,Jason Hayes,kburns@example.net,EMEA,2024-04-12
381,Jackie Clements,powellkara@example.net,APAC,2024-07-06
382,Heather Brown,brandi17@example.net,  americas ,2024-03-25
383,Frank Campbell MD,brobinson@example.org,APAC,2024-05-31
384,Pamela Williams,ashleewashington@example.com,Americas,2024-02-28
385,William Patterson,ksmith@example.com,EMEA,2024-03-13
386,Isaac Miller,nicoleturner@example.com,EMEA,2024-07-22
387,Cynthia Rios,brettgarrett@example.net,  americas ,2024-07-06
388,Kelly Wallace,smiththomas@example.org,Americas,2024-01-08
389,Karen Perez,dominguezlisa@example.com,apac,2024-08-20
390,Edwin Reyes,crosscurtis@example.com,apac,2024-05-14
391,Alejandra Santos,darlenebyrd@example.org,EMEA,2024-07-09
392,Nathan Fuller,,EMEA,2024-08-29
393,Angelica Garcia,samanthajensen@example.com,EMEA,2024-06-16
394,Charles Hill,lawrencepatrick@example.com,  americas ,2024-11-27
395,Peggy Vaughn,wrightcarolyn@example.net,Americas,2024-06-03
396,Elizabeth Brown,jamie98@example.org,Americas,2024-03-12
397,Andrea Oneal,troyrodriguez@example.com,Americas,2024-06-04
398,Ryan Fisher,hatfieldsarah@example.org,EMEA,2024-02-19
399,Austin Baker,kathrynbest@example.org,APAC,2024-03-10
400,Lori Mason,livingstonstacy@example.com,apac,2024-10-03
401,Kimberly Hernandez,zhenderson@example.org,apac,2024-03-20
402,Brittney Murphy,collinswilliam@example.org,EMEA,2024-02-20
403,Brandon Hamilton,collinssamuel@example.org,APAC,2024-07-27
404,Mary Thompson,dsalazar@example.com,EMEA,2024-01-17
405,Gregory Holmes PhD,zimmermanjacqueline@example.org,EMEA,2024-08-15
406,Patricia Johnson,gary24@example.net,apac,2024-07-04
407,Laura Jones,enelson@example.com,apac,2024-07-07
408,Carol Moore,ddixon@example.com,APAC,2024-07-02
409,Jordan Williams,shannonemily@example.org,  americas ,2024-04-07
410,Cassidy Horne,sanchezthomas@example.com,apac,2024-02-16
411,Courtney Wright,tranrobin@example.net,Americas,2024-11-23
412,Michael Williams,joseph19@example.com,EMEA,2024-01-26
413,John Campbell,lindajarvis@example.com,EMEA,2024-03-05
414,Eddie Mueller,mark87@example.org,EMEA,2024-02-05
415,Dr. Morgan Payne PhD,stevenvargas@example.com,EMEA,2024-04-16
416,Makayla Steele,adamortiz@example.org,EMEA,2024-06-17
417,Oscar Parker,tapiaaaron@example.net,EMEA,2024-01-02
418,Valerie Thomas,alyssaallen@example.com,EMEA,2024-03-07
419,Jacqueline Villegas,christopher38@example.com,Americas,2024-02-26
420,Brendan Anderson,,EMEA,2024-03-08
421,Victor Young,kjones@example.org,EMEA,2024-10-28
422,David Harding,melissa65@example.com,apac,2024-05-15
423,Jerry Edwards,kimberlyrichards@example.org,apac,2024-08-03
424,John Phelps,herreratami@example.org,APAC,2024-02-02
425,Amanda Huff,mooregina@example.net,  americas ,2024-09-19
426,Megan Green,eddie35@example.com,EMEA,2024-09-14
427,Krista Davis,anthonysullivan@example.com,apac,2024-01-23
428,Richard Walker,laradonald@example.org,apac,2024-09-23
429,Angela Willis,madisonwatson@example.net,  americas ,2024-01-16
430,Carl Stein,johnsoncaleb@example.net,Americas,2024-07-24
431,Jessica Ramsey,david70@example.org,  americas ,2024-09-08
432,Daniel Lopez,rjohnson@example.com,APAC,2024-02-07
433,Danielle Phillips,sean20@example.net,EMEA,2024-11-07
434,James Barnes,eandrade@example.org,EMEA,2024-05-20
435,Rachael Howard DDS,crystalpham@example.org,  americas ,2024-10-07
436,Devin Johnson,kcooper@example.net,  americas ,2024-11-01
437,William Moreno,anthonycochran@example.com,Americas,2024-09-15
438,Joseph Moody,terrigarcia@example.net,apac,2024-02-28
439,Rebecca Kelly,gallagherstacie@example.net,EMEA,2024-10-09
440,Suzanne Johnson,gregorywatkins@example.net,EMEA,2024-08-08
441,Sara Cochran,stacey92@example.net,  americas ,2024-07-30
442,Anthony Guzman,lweaver@example.com,Americas,2024-07-23
443,Carlos Love,foxaaron@example.net,apac,2024-06-09
444,Patricia Mathis,brian29@example.net,EMEA,2024-05-10
445,Eric Taylor,susan56@example.net,Americas,2024-08-30
446,Marie Thompson,jessicakim@example.net,apac,2024-02-17
447,Michael Anderson,jeffrey92@example.com,EMEA,2024-07-09
448,Patricia Bradley,rushstacy@example.com,EMEA,2024-01-31
449,Keith Zuniga,carriemccall@example.net,Americas,2024-10-14
450,Mrs. Stacey Davis,markmiller@example.com,apac,2024-07-29
451,Hayley Buchanan,sean43@example.org,apac,2024-08-04
452,Stacey Snyder,williamssamuel@example.com,EMEA,2024-01-27
453,Rachel Lane,ybell@example.org,EMEA,2024-06-08
454,Fernando Lynn,franciscojones@example.org,apac,2024-09-16
455,Kimberly Villanueva,petersonpamela@example.org,Americas,2024-09-03
456,Jessica Valdez,morgantricia@example.com,APAC,2024-06-28
457,Colton Terry,gmoore@example.com,EMEA,2024-02-28
458,Kenneth Larsen,donna43@example.org,EMEA,2024-04-25
459,Matthew Greene,briansmith@example.org,apac,2024-11-14
460,Alexander Jackson,,apac,2024-10-12
461,Bradley Anthony,,APAC,2024-05-16
462,Martin Hughes,kristen77@example.net,APAC,2024-06-07
463,Jeremiah Baker,nicole52@example.com,EMEA,2024-01-04
464,Rhonda Gutierrez,anne21@example.org,Americas,2024-10-16
465,Joseph Camacho,angelarandall@example.net,Americas,2024-03-13
466,James Nash,parmstrong@example.com,EMEA,2024-02-16
467,Lisa Martinez,shawrachel@example.net,APAC,2024-07-11
468,Beth Henderson,kthompson@example.org,apac,2024-03-21
469,Deanna Bartlett,oharris@example.org,EMEA,2024-06-15
470,Donald Ellis,millerangela@example.net,Americas,2024-11-01
471,Ashley Hernandez,buchanancindy@example.net,EMEA,2024-03-20
472,Sharon Beard,buckleyanna@example.org,APAC,2024-01-26
473,Kara Jackson,pbaker@example.com,  americas ,2024-08-14
474,Amanda Preston,mthomas@example.net,APAC,2024-11-06
475,Alicia Roth,hannah07@example.com,Americas,2024-04-20
476,William Ramos,larry71@example.org,APAC,2024-06-25
477,Jeremy Mcintyre,joseph69@example.net,apac,2024-10-30
478,Samantha Robertson,wfigueroa@example.net,  americas ,2024-06-06
479,Samuel Suarez,cameronmckinney@example.com,EMEA,2024-11-02
480,Danielle Bryant,thompsonnancy@example.org,EMEA,2024-06-03
481,Madison Martinez,janet45@example.com,Americas,2024-05-10
482,Seth Matthews,allentracy@example.com,  americas ,2024-01-04
483,Anthony Nash,max41@example.com,EMEA,2024-03-30
484,Matthew Palmer,mercedesholland@example.net,apac,2024-04-27
485,Alejandra King,wellsdavid@example.org,apac,2024-06-30
486,Judy Robinson,jennifer46@example.com,  americas ,2024-01-22
487,Jorge Bates,erica96@example.net,EMEA,2024-02-09
488,Brian Brown,anna99@example.com,apac,2024-08-07
489,Stephanie Evans,danielle44@example.net,Americas,2024-11-23
490,Ralph Yoder,,APAC,2024-07-26
491,Mary Bright,rguerrero@example.org,EMEA,2024-03-28
492,Michael Armstrong,rebecca66@example.net,APAC,2024-08-23
493,Rachel Knox,matthewreeves@example.net,Americas,2024-02-15
494,John Figueroa,william28@example.org,  americas ,2024-05-04
495,Henry Garner,staceylam@example.net,APAC,2024-09-25
496,Julie Wilson,robert55@example.com,EMEA,2024-06-22
497,Steve Mason,delacruzbrandy@example.net,Americas,2024-02-09
498,Brittany Gay,amoreno@example.org,APAC,2024-09-28
499,Mike Maxwell,robert97@example.org,apac,2024-06-28
500,Abigail Hill,lcook@example.com,EMEA,2024-03-16
